{"branches": 33.69565217391305, "coverage": 20.698441247002396}